peter brown,Peter Brown (actor) - Wikipedia;Peter Brown - IMDb;Peter Brown Dead: 'Lawman' Star Was 80 - The Hollywood Reporter
harry potter school photo,Hogwarts School Wallpapers - Top Free Hogwarts School ...;Awesome Harry Potter School Wallpapers - WallpaperAccess;Hogwarts Classroom Wallpapers - Top Free Hogwarts Classroom ...
trading view,TradingView — Track All Markets;TradingView Desktop Application;TradingView Trading Platform capabilities and features
upschorship,Scholarship;Scholarship - छात्रवृत्ति;U.P. Scholarship & Fee Reimbursement Online System
describe one practical application of convex mirrors in everyday life,25 Uses of a Convex Mirror;Uses of Convex Mirror and its Applications in the Practical World;Uses of Convex Mirror: Daily Life Applications and ... - EMBIBE
sutter health online,My Health Online - Login Page;My Health Online | Sutter Health;My Health Online - Login Page
"ojai valley inn: ojai, california",Ojai Valley Inn | Official Site;Ojai Valley Inn | Ojai Valley Hotels;Ojai Valley Inn | The Valley
ross vs kentfield,"Kentfield and Ross | Neighborhood Guide | Evoke Real Estate;Explore Greenbrae, Kentfield and Ross - Marin Magazine;Ross • Greenbrae • Kentfield - Marin Magazine"
getcontact/manage,"Manage Your Privacy Profile - Getcontact;Login - Getcontact;Getcontact - Messenger, Caller ID, Spam Blocking"
anne egbadon and husband images,Anne Egbadon - Facebook;Anne-Marie seen leaving court after start of husband's trial;Photos show pop star arriving at court for husband's trial - MSN
chitaqua lectures 2024 eku,EKU Chautauqua Lecture Series - YouTube;Dr. Bruce MacLaren Chautauqua Lecture Series | Chautauqua ...;Chautauqua Lectures - Eastern Kentucky University
cool math,"Cool Math Games - Free Online Games for Learning and Fun;Popular Games - Play Online at Coolmath Games;Cool Math - free online cool math lessons, cool math games ..."
sci space,"Discover, Create, and Publish your research paper | SciSpace ...;AI Chat for scientific PDFs | SciSpace;SciSpace: Do hours of research in minutes - Chrome Web Store"
lenormand,Marie Anne Lenormand - Wikipedia;Lenormand Card Meanings and Combinations List - Labyrinthos;The Ultimate Lenormand Beginners Guide - A Little Spark of Joy
adults full movies to watch free,Watch X (2021) - Free Movies - Tubi;Watch Free Movies and TV Shows Online | Free Streaming Video ...;Steamy Movies Collection on Movies Anywhere
unitek outlook email,Sign In - Unitek Learning;Portal hosted on cloud - Unitek College;Outlook
cardiff airport,Cardiff Airport;Cardiff Airport - Arrivals & Departures;Cardiff Airport - Wikipedia
join prime deals,"Amazon.com: Amazon Prime;Best Amazon Prime Membership Deal: $6.99 Subscription, Six ...;Every Amazon Prime membership benefit - About Amazon"
caculator online,Online Calculator;Full Screen Calculator - Online Calculator;Scientific Calculator - Desmos
galaxy phone camera night time settings outdoor christmas lights,How to use Night mode on your Galaxy smartphone camera;How to take good photos of Christmas lights at night?;Master low-light photography #withGalaxy - Samsung us
maintaining a healthy weight handout,"How Can I Manage My Weight - American Heart Association;Are You at a Healthy Weight? Fact Sheet | NHLBI, NIH;Printable Materials and Handouts - Nutrition.gov"
laborator analize clipart,"Laboratory Clipart Images - Free Download on Freepik;Laboratory Clipart Images, Vectors, and Graphics - Icons8;10,777 Lab Clipart Images, Stock Photos, and Vectors ..."
movie mayerling with omarsherif,Mayerling (1968 film) - Wikipedia;Mayerling (1968) - IMDb;Mayerling(1968) - Who Wants To Live Forever - YouTube
dougie liv and maddie,Diggie Smalls | Liv and Maddie Wiki | Fandom;Diggie and Maddie (relationship) | Liv and Maddie Wiki | Fandom;Liv And Maddie | Maddie & Diggie's First Kiss In Real Life?
the island,The Island (2005) - IMDb;The Island (2005 film) - Wikipedia;The Island - Official® Trailer [HD] - YouTube
base entertainment wikipedia,"BASE Entertainment - Wikipedia bahasa Indonesia, ensiklopedia ...;BASE Entertainment: A Studio Film Company;Shanty Harmayn - Wikipedia bahasa Indonesia, ensiklopedia bebas"
free youtube downloader for laptop,Best free YouTube downloader app of 2024 - TechRadar;The Best Free YouTube Video Downloader Is Fast and Easy to Use;Free YouTube Video Downloader - Download video from YouTube ...
sinhala sanyaka akuru,"සිංහල අක්ෂර මාලාව - විකිපීඩියා;සඤ්ඤක අකුරු Sannaka Akuru Sinhala - Sinhala-Grade 1 - YouTube;සඤ්ඤක අකුරු හඳුනා ගනිමු. ඬ , ඳ , ඟ , ඹ Sinhala akuru liyamu."
design png free,"Millions of PNG Images, Backgrounds and Vectors for Free ...;Png Images - Free Download on Freepik;Download Free PNGs, Images, Logos & Backgrounds | Vecteezy"
kansas city chiefs highlights\,Full Week 10 Game Highlights | Chiefs vs. Broncos;Las Vegas Raiders vs. Kansas City Chiefs highlights | Week 13;Full Week 7 Game Highlights | Kansas City Chiefs vs. San ...
political issues in 2024,Issues and the 2024 election - Pew Research Center;7 big issues at stake in the 2024 election - NBC News;2. Top problems facing the U.S. - Pew Research Center
www.metlife.com/mybenefits,MyBenefits-Sign In - MetLife;MetLife - Log in to your account;MetOnline - Common Access - MetLife
utility billing services pay bill,"Utility Billing Services Log in - Water Systems;City of Big Sandy, Texas;Pay Bill - My Utility"
illum bolighus kastrup light,Illums Bolighus | Shop skandinavisk design online;Lighting | Illums Bolighus | Worldwide shipping;Stores & Opening Hours - Illums Bolighus International
moberly weather,"MoberlyWeather.com - Local Weather in Moberly Missouri;Moberly, MO Weather Forecast | AccuWeather;National Weather Service"
save grace ep 3,Prime Video: Saving Grace S1;List of Saving Grace episodes - Wikipedia;Saving Grace Season 3 - watch full episodes streaming online
glencara jewelry complaints,Read Customer Service Reviews of glencara.com - Trustpilot;Glencara | BBB Business Profile - Better Business Bureau;Does anyone have any experience with Glencara? : r/jewelry
seescandies.com,Candies & Chocolates Online | Candy Store | See's Candies;See's Candies | Official Chocolate Shop Locator;Amazon.com: See's Candies
wicked reviews,Wicked movie review & film summary (2024) - Roger Ebert;Wicked review: This 'drawn-out' and 'self-important' film ...;Wicked (2024) - Rotten Tomatoes
insufficient petticoats emote ff14,Ballroom Etiquette - Insufficient Petticoats - Final Fantasy ...;Ballroom Etiquette - Insufficient Petticoats - Gamer Escape;Shiver - Final Fantasy XIV Online Wiki - FFXIV / FF14 Online ...
ruggable,"Washable Rugs & Washable Area Rugs by Ruggable;Rug Styles and Patterns | Washable Area Rugs - Ruggable;Amazon.com: RUGGABLE Washable Plush 8x10 Large Area Rug, Sima ..."
guesstures game,"Guesstures Game - Hasbro Games;Hasbro Gaming Guesstures Game, Charades Game for 4 or More ...;Guesstures Game Board Game Instructions, Rules & Strategies ..."
astronomy camera selection guide,Selecting a Guide Scope and Autoguiding Camera for ...;Selecting a Guide Scope and Autoguiding Camera for ...;Best Dedicated Astronomy Cameras for Planetary & DSO (2024)
jili777,jili777 free slot games – Best online casino in the Philippines;JILI777 - Play jili slot online for free;JILI777: Premium Online Casino Play JILI Slots Get Free Bonus
he thong truc tuyen,Hệ thống dạy học trực tuyến Đại học Đồng Tháp;Hệ thống Quản lý Học và Thi trực tuyến VNPT Elearning;Hệ thống học tập Chương trình cử nhân trực tuyến TVU - ONSCHOOL
between season sub indo,BETWEEN SEASONS Cont. By CARRYBEANA - Read Free Manga Online ...;Between Seasons - Chapter 22 - Batoto;Between Seasons (Official) Manga - Batoto
rs jec orbita makassar,JEC Orbita @ Makassar - Rumah Sakit Mata JEC;RS Mata JEC Orbita @ Makassar - Rumah Sakit Mata JEC;JEC Orbita @ Makassar - Rumah Sakit Mata JEC
rudulpf and bumbal,The Abominable Snowmonster of the North | Christmas Specials ...;Bumble | Rudolph The Red Nosed Reindeer Wiki | Fandom;Abominable Snow Monster - Villains Wiki
gmail account,Gmail - Email from Google;Gmail - Google Accounts;Create a Gmail account - Gmail Help - Google Help